id;name;description;created_at;created_by
1;private sentimental;complement forenenst lime;2024-08-19T12:18:04;convertible molder not
2;hence defiant;because bodge;2024-08-19T16:07:53;suborn
3;fitting integration erase;yearly;2024-08-19T08:09:40;attached esteemed
4;fiercely gradient;er writing;2024-08-19T18:57:23;freely
5;mmm;who;2024-08-18T22:39:37;through
6;coinsurance stitcher;sled evidence blah;2024-08-19T07:15:09;representation yuck
7;inscription clover apropos;organizing;2024-08-19T13:37:28;airport cobweb
8;as;password;2024-08-19T20:47:45;fabulous
9;enthusiastically;whenever delay ack;2024-08-19T05:08:38;redevelop geez
10;qua which clueless;radiant per digitize;2024-08-19T07:59:08;bulky whoever
