id;title;content;created_at;media_url
1;above more of;cleverly inquisitively;2024-08-19T10:22:46;jewellery well-lit mastoid
2;nurture attached scud;shallow tidy;2024-08-19T05:06:10;after
3;healthily eek;float bitten;2024-08-19T19:39:18;leptocephalus far oof
4;order whereas;sedate;2024-08-19T18:23:27;until inwardly
5;above unnecessarily;um;2024-08-19T20:52:30;upright tarragon
6;pish quiet;thread now reluctantly;2024-08-19T17:42:01;inasmuch packet
7;besides aside;beside;2024-08-19T01:37:53;since across posh
8;effective;uh-huh resume;2024-08-19T00:50:45;facility hmph
9;to mid up;donation blah close;2024-08-19T13:47:56;downshift woot boo
10;since er fiercely;terribly apologise;2024-08-19T12:10:35;now
